<annotation>
	<folder>car_number_plate_dataset</folder>
	<filename>211.jpg</filename>
	<path>/Users/nahiyanalamgir/code/number_plate_detector/car_number_plate_dataset/211.jpg</path>
	<source>
		<database>Unknown</database>
	</source>
	<size>
		<width>720</width>
		<height>631</height>
		<depth>1</depth>
	</size>
	<segmented>0</segmented>
	<object>
		<name>registration_plate</name>
		<pose>Unspecified</pose>
		<truncated>0</truncated>
		<difficult>0</difficult>
		<bndbox>
			<xmin>287</xmin>
			<ymin>484</ymin>
			<xmax>414</xmax>
			<ymax>542</ymax>
		</bndbox>
	</object>
</annotation>
