<annotation>
	<folder>car_number_plate_dataset</folder>
	<filename>213.jpg</filename>
	<path>/Users/nahiyanalamgir/code/number_plate_detector/car_number_plate_dataset/213.jpg</path>
	<source>
		<database>Unknown</database>
	</source>
	<size>
		<width>720</width>
		<height>960</height>
		<depth>3</depth>
	</size>
	<segmented>0</segmented>
	<object>
		<name>registration_plate</name>
		<pose>Unspecified</pose>
		<truncated>0</truncated>
		<difficult>0</difficult>
		<bndbox>
			<xmin>245</xmin>
			<ymin>596</ymin>
			<xmax>320</xmax>
			<ymax>638</ymax>
		</bndbox>
	</object>
</annotation>
