<annotation>
	<folder>car_number_plate_dataset</folder>
	<filename>3.png</filename>
	<path>/Users/nahiyanalamgir/code/number_plate_detector/car_number_plate_dataset/3.png</path>
	<source>
		<database>Unknown</database>
	</source>
	<size>
		<width>440</width>
		<height>346</height>
		<depth>3</depth>
	</size>
	<segmented>0</segmented>
	<object>
		<name>registration_plate</name>
		<pose>Unspecified</pose>
		<truncated>0</truncated>
		<difficult>0</difficult>
		<bndbox>
			<xmin>51</xmin>
			<ymin>89</ymin>
			<xmax>425</xmax>
			<ymax>278</ymax>
		</bndbox>
	</object>
</annotation>
