<annotation>
	<folder>car_number_plate_dataset</folder>
	<filename>302.jpg</filename>
	<path>/Users/nahiyanalamgir/code/number_plate_detector/car_number_plate_dataset/302.jpg</path>
	<source>
		<database>Unknown</database>
	</source>
	<size>
		<width>718</width>
		<height>532</height>
		<depth>3</depth>
	</size>
	<segmented>0</segmented>
	<object>
		<name>registration_plate</name>
		<pose>Unspecified</pose>
		<truncated>0</truncated>
		<difficult>0</difficult>
		<bndbox>
			<xmin>495</xmin>
			<ymin>356</ymin>
			<xmax>544</xmax>
			<ymax>385</ymax>
		</bndbox>
	</object>
</annotation>
