<annotation>
	<folder>car_number_plate_dataset</folder>
	<filename>31.jpg</filename>
	<path>/Users/nahiyanalamgir/code/number_plate_detector/car_number_plate_dataset/31.jpg</path>
	<source>
		<database>Unknown</database>
	</source>
	<size>
		<width>480</width>
		<height>339</height>
		<depth>3</depth>
	</size>
	<segmented>0</segmented>
	<object>
		<name>registration_plate</name>
		<pose>Unspecified</pose>
		<truncated>0</truncated>
		<difficult>0</difficult>
		<bndbox>
			<xmin>150</xmin>
			<ymin>252</ymin>
			<xmax>225</xmax>
			<ymax>287</ymax>
		</bndbox>
	</object>
</annotation>
