<annotation>
	<folder>car_number_plate_dataset</folder>
	<filename>37.jpg</filename>
	<path>/Users/nahiyanalamgir/code/number_plate_detector/car_number_plate_dataset/37.jpg</path>
	<source>
		<database>Unknown</database>
	</source>
	<size>
		<width>592</width>
		<height>395</height>
		<depth>3</depth>
	</size>
	<segmented>0</segmented>
	<object>
		<name>registration_plate</name>
		<pose>Unspecified</pose>
		<truncated>0</truncated>
		<difficult>0</difficult>
		<bndbox>
			<xmin>498</xmin>
			<ymin>223</ymin>
			<xmax>551</xmax>
			<ymax>251</ymax>
		</bndbox>
	</object>
</annotation>
