<annotation>
	<folder>car_number_plate_dataset</folder>
	<filename>89.png</filename>
	<path>/Users/nahiyanalamgir/code/number_plate_detector/car_number_plate_dataset/89.png</path>
	<source>
		<database>Unknown</database>
	</source>
	<size>
		<width>960</width>
		<height>720</height>
		<depth>3</depth>
	</size>
	<segmented>0</segmented>
	<object>
		<name>registration_plate</name>
		<pose>Unspecified</pose>
		<truncated>0</truncated>
		<difficult>0</difficult>
		<bndbox>
			<xmin>461</xmin>
			<ymin>421</ymin>
			<xmax>580</xmax>
			<ymax>477</ymax>
		</bndbox>
	</object>
</annotation>
