<annotation>
	<folder>car_number_plate_dataset</folder>
	<filename>9.jpg</filename>
	<path>/Users/nahiyanalamgir/code/number_plate_detector/car_number_plate_dataset/9.jpg</path>
	<source>
		<database>Unknown</database>
	</source>
	<size>
		<width>582</width>
		<height>582</height>
		<depth>3</depth>
	</size>
	<segmented>0</segmented>
	<object>
		<name>registration_plate</name>
		<pose>Unspecified</pose>
		<truncated>1</truncated>
		<difficult>0</difficult>
		<bndbox>
			<xmin>470</xmin>
			<ymin>388</ymin>
			<xmax>582</xmax>
			<ymax>469</ymax>
		</bndbox>
	</object>
</annotation>
