<annotation>
	<folder>car_number_plate_dataset</folder>
	<filename>98.jpg</filename>
	<path>/Users/nahiyanalamgir/code/number_plate_detector/car_number_plate_dataset/98.jpg</path>
	<source>
		<database>Unknown</database>
	</source>
	<size>
		<width>552</width>
		<height>889</height>
		<depth>3</depth>
	</size>
	<segmented>0</segmented>
	<object>
		<name>registration_plate</name>
		<pose>Unspecified</pose>
		<truncated>0</truncated>
		<difficult>0</difficult>
		<bndbox>
			<xmin>316</xmin>
			<ymin>608</ymin>
			<xmax>384</xmax>
			<ymax>657</ymax>
		</bndbox>
	</object>
</annotation>
